Nicolas 11 Novembre Caviste Caen	30 Rue Du 11 Novembre	14000
Nicolas 22 Novembre	17 Rue Du 22 Novembre	67000
Nicolas Abbesses	51 Rue Des Abbesses	75018
Nicolas Agadir	Avenue Hassan Ii, Angle Rue De Madrid Et Hassan Ii	80000
Nicolas Agen	6 Place Jean Baptiste Durand	47000
Nicolas Aix Mairie	5 Rue Du Maréchal Foch	13100
Nicolas Alesia	46 Rue D'Alésia	75014
Nicolas Alfortville	3 Place Jean Jaures	94140
Nicolas Amiens Centre	17 Rue Des Trois Cailloux	80000
Nicolas Ancienne Comedie	4 Rue De L'Ancienne Comédie	75006
Nicolas Angers	47 Rue Plantagenet	49000
Nicolas Angers Lac De Maine	2 Allée Du Grand Launay	49000
Nicolas Anglet	8 Place De La Chapelle	64600
Nicolas Annecy	12 Rue Grenette	74000
Nicolas Annonciation	38 Rue De L'Annonciation	75016
Nicolas Antibes	10 Rue De La République	06600
Nicolas Antibes Rochat	97 Avenue Philippe Rochat	06600
Nicolas Antony	3 Avenue De La Division Leclerc	92160
Nicolas Arcachon	33120 Arcachon	
Nicolas Arcades	144 Clos Mont D'Est	93192
Nicolas Archives	21 Rue Des Archives	75004
Nicolas Arpajon	14 Place Du Marché	91290
Nicolas Arts Et Métiers	57 Rue De Turbigo	75003
Nicolas Asnieres Marche	9 Rue Pierre Brossolette	92600
Nicolas Asnieres-Sur-Seine	38 Grande Rue Charles De Gaulle	92600
Nicolas Athis Mons	17 Avenue François Mittérand	91200
Nicolas Aubergenville Les Portes	Zac Du Trait D'Union	78410
Nicolas Aulnay Sous Bois Sud vin champagne spiritueux	13 Rue De Bondy	93600
Nicolas Auteuil	46 Rue D'Auteuil	75016
Nicolas Avenue De Villiers	110 Avenue De Villiers	75017
Nicolas Avignon Cap Sud	162 Avenue Pierre Sémard	84000
Nicolas Avignon Centre	18 Rue De La République	84000
Nicolas Bac (Pont Royal)	12 Rue Du Bac	75007
Nicolas Bagatelle	7 Rue De Ernest Deloison	92200
Nicolas Balagny	71 Rue Guy Moquet	75017
Nicolas Barcelone	C/ De València 338, Local 2	08009
Nicolas Batignolles	63 Place Du Dr Félix Lobligeois	75017
Nicolas Bayen Poncelet	3 Rue Bayen	75017
Nicolas Bazeilles	4 Rue Bazeilles	75005
Nicolas Beaune	20 Rue Monge	21200
Nicolas Beauvais	22 Rue Carnot	60000
Nicolas Beirut	Achrafieh	1100
Nicolas Belfort	5 Faubourg Des Ancêtres	90000
Nicolas Belgrand	17 Rue Belgrand	75020
Nicolas Belleville	141 Rue De Belleville	75019
Nicolas Berthier	73 Boulevard Berthier	75017
Nicolas Besancon	16 Place De La Révolution	25000
Nicolas Biarritz	6 Place Clémenceau	64200
Nicolas Biguglia	Rn 193 - Résidence Le Casanova	20620
Nicolas Bineau	193 Boulevard Bineau	92000
Nicolas Blois	5 Rue Denis Papin	41000
Nicolas Blomet	77 Rue Blomet	75015
Nicolas Bois Colombes	43 Rue Bourguignons	92270
Nicolas Bois Colombes Bruyeres	17 Rue Hispano Suiza	92270
Nicolas Bordeaux	25 Cours Portal	33000
Nicolas Bordeaux Les Grands Hommes	12 Place Les Grands Hommes	33000
Nicolas Bosquet	34 Avenue Bosquet	75007
Nicolas Boucau Tarnos	Centre Commercial Les Tuileries	64340
Nicolas Boulainvilliers	14 Rue De Boulainvilliers	75016
Nicolas Boulevard Des Italiens	11 Boulevard Des Italiens	75002
Nicolas Boulogne Billancourt Escudier	19 Boulevard Jean Jaurès	92100
Nicolas Boulogne Billancourt Nord	57 Avenue J. B. Clément	92100
Nicolas Boulogne Billancourt vin champagne spiritueux	174 Boulevard Jean Jaures	92100
Nicolas Bourg La Reine	84 Avenue Du Général Leclerc	92340
Nicolas Bourges	19 Rue Mirebeau	18000
Nicolas Bourse	63 Rue Du Marché Aux Poulets	1000
Nicolas Brest Halles Saint Louis	32 Bis Rue De Lyon	29200
Nicolas Brest Jean Jaurès	28 Rue Jean Jaures	29200
Nicolas Bretagne	21 Rue De Bretagne	75003
Nicolas Breteuil	8 Place Breteuil	75015
Nicolas Brive	6 Rue Gambetta	19100
Nicolas Brunoy	9 Rue De La Gare	91800
Nicolas Bry Sur Marne	64 Grande Rue Charles De Gaulle	94360
Nicolas Bucarest	014175 Bucureșt	
Nicolas Buci	13 Rue De Buci	75006
Nicolas Bulgarie	214 Ring Road	1434
Nicolas BULGARIE SOFIA	192a Cherni Vrah Blvd.	1407
Nicolas Caen	10 Rue Bellivet	14000
Nicolas Cagnes-Sur-Mer	80 Avenue De La Gare	06800
Nicolas Canary-Wharf Londres	Unit R.p480	
Nicolas Cannes	13 Avenue Tristan Bernard	06400
Nicolas Cannes La Bocca	69 Avenue Francis Tonner	06150
Nicolas Cannes Meynadier	40 Rue Meynadier	06400
Nicolas Cannes rue Antibes	21 Rue D'Antibes	06400
Nicolas Capbreton	40130 Capbreton	
Nicolas Carre-Senart	3 Allée Du Préambule, Westfield Carré Sénart	77127
Nicolas Casablanca Anfa	Rue Bab Chellah, Porte D'Anfa	20250
Nicolas Casablanca Cil	39 Rue Mahadia Hay Salam	20610
Nicolas Casablanca Gauthier	6 Et 7, Rue Hafid Ibrahim Et Rue Abou El Kassem Echaabi, Rés. Des Arts, Gauthier	20250
Nicolas Castanet Tolosan	8 Avenue Lauragais	31320
Nicolas Caulaincourt	79 Rue Caulaincourt	75018
Nicolas Chaillot	39 Rue De Chaillot	75016
Nicolas Chaise / Sevres	26 Rue De La Chaise	75007
Nicolas Chalon Sur Saone	3 Grande Rue	71100
Nicolas Chalons En Champagne	41 Place De La République	51000
Nicolas Chamalieres	2 Avenue De Thermes	63400
Nicolas Chambery	1 Rue Saint Antoine	73000
Nicolas Chambourcy	Centre Commercial	78240
Nicolas Chamonix	223 Rue Joseph Vallot	74400
Nicolas Champ De Mars	35 Avenue De Suffren	75007
Nicolas Chantilly	134 Rue Du Connetable	60500
Nicolas Charenton Le Pont	31 A.ml De La Lattre Tassigny	94220
Nicolas Charenton-Le-Pont Rue De Paris	79 Bis Rue De Paris	94220
Nicolas Charleville-Mezieres	50 Rue De La République	08000
Nicolas Charonne	120 Rue De Charonne	75011
Nicolas Chatenay Malabry	96 Rue Jean Longuet - Lot 204	92290
Nicolas Chatillon	13 Rue Gabriel Péri	92320
Nicolas Chatou Marche	26 Place Maurice Berteaux	78400
Nicolas Chaussee D'Antin	51 Rue De La Chaussée D'Antin	75009
Nicolas Chaville	1 Place Du Marché	92370
Nicolas Chelles	66 Avenue De La Résistance	77500
Nicolas Chelles Gournay	76 Avenue Foch	77500
Nicolas Cherche Midi	43 Rue Du Cherche Midi	75006
Nicolas Chevreuse	28 Rue Division Leclerc	78460
Nicolas Clamart	29 Avenue Jean Jaures	92140
Nicolas Cler	39 Rue Cler	75007
Nicolas CLERMONT FERRAND CRAFT BEERS	2 Avenue Julien	63000
Nicolas Clichy Banlieue	67 Boulevard Jean Jaures	92110
Nicolas Cluny	Centre Commercial Les Plaisirs De Cluny Rue Gaston Deferre	97200
Nicolas Colmar	3 Rue De L'Eglise	68000
Nicolas Colombes Saint-Denis vin champagne spiritueux	70 Rue Saint Denis	92700
Nicolas Colomiers	23 Rue Du Centre	31770
Nicolas Compiegne	3 Place Hôtel De Ville	60200
Nicolas Constantinople	8 Rue De Constantinople	75008
Nicolas Convention	199 Rue De La Convention	75015
Nicolas Corbeil-Essonnes	34-36 Place Du Comte Haymon	91100
Nicolas Coulommiers	17 Place Du Marché	77120
Nicolas Courbevoie Becon	3 Avenue De La Liberté	92400
Nicolas Courbevoie Bezons	Angle 1 Rue De L'Alma Et 30 Rue De Bezons	92400
Nicolas Courbevoie Clemenceau vin champagne spiritueux	9 Boulevard Georges Clémenceau	92400
Nicolas Courcelles	96 Rue De Courcelles	75017
Nicolas Créteil	Créteil Village	94000
Nicolas Croissy Sur Seine	39/41 Boulevard F.hostachy	78290
Nicolas Crozatier	83 Rue Crozatier	75012
Nicolas Daguerre	10 Rue Daguerre	75014
Nicolas Dames	9 Rue Des Dames	75017
Nicolas Dammarie Les Lys C Cial Villiers En Biere	Centre Commercial Villiers En Bière N°95	77195
Nicolas Damremont	50 Rue Damremont	75018
Nicolas Daumesnil	55 Boulevard De Reuilly	75012
Nicolas Deauville	31 Rue De Breney	14800
Nicolas Delambre	8 Rue Delambre	75014
Nicolas Deuil La Barre	10 Rue Charles De Gaulle	95170
Nicolas Didot	151 Rue D'Alésia	75014
Nicolas Dijon	6/8 Rue François Rude	21000
Nicolas Dinard	44 Rue Levavasseur	35800
Nicolas Domont	163 Avenue Jean Rostand	95330
Nicolas Drancy Barbusse	114 Avenue Henry Barbusse	93700
Nicolas Drumettaz Clarafond	190 Avenue Du Golf	73420
Nicolas Dufrenoy	2 Rue Dufrenoy	75016
Nicolas Duret	27 Rue Duret	75016
Nicolas Enghien Les Bains	35 Rue Du Général De Gaulle	95880
Nicolas Epernay	38 Rue Saint Thibault	51200
Nicolas Ermont	6 Rue De L'Eglise	95120
Nicolas Etaples Sur Mer	1 Boulevard Billiet	62630
Nicolas Etoile Victor Hugo	46 Avenue Victor Hugo	75116
Nicolas Etrembieres	21 Rue Industrie	74100
Nicolas Evry C Cial Evry 2	2 Boulevard De L'Europe	91022
Nicolas Faidherbe Chaligny	190 Rue Du Faubourg Saint-Antoine	75012
Nicolas Faubourg Montmartre	13 Rue Du Faubourg Montmartre	75009
Nicolas Felix Faure	55 Avenue Félix Faure	75015
Nicolas Ferrieres En Brie	8 G. Avenue James Rothschild	77164
Nicolas Flandre	98 Avenue De Flandre	75019
Nicolas Fontainebleau	108 Rue Grande	77300
Nicolas Franconville	103 Rue Du Général Leclerc	95130
Nicolas Franklin Roosevelt	49 Bis Avenue Franklin Roosevelt	75008
Nicolas Garches	13 Bis Avenue Joffre	92380
Nicolas Général Leclerc	91 Avenue Du Général Leclerc	75014
Nicolas Glaciere	137 Boulevard Auguste Blanqui	75013
Nicolas Granville	32 Rue Lecampion	50400
Nicolas Grasse	132 Avenue De La Libération	06130
Nicolas Great Portland Street	157 Great Portland Street	
Nicolas Grenelle	91 Rue Du Commerce	75015
Nicolas Grenoble	1 Rue Bonne	38000
Nicolas Grimaud	1027 Route Du Littoral	83310
Nicolas Haussmann	80 Boulevard Haussmann	75008
Nicolas Herblay	8 Rue Du Général De Gaulle	95220
Nicolas Holland Park Avenue Londres	98 Holland Park Avenue	
Nicolas Honfleur	35 Rue De La République	14600
Nicolas Huissier	18 Rue Des Huissiers	92200
Nicolas Hyeres	7 Avenue Gambetta	83400
Nicolas Ile Maurice	Shop 218, Bagatelle Mall Of Mauritius	
Nicolas Issy Corentin Celton vin champagne spiritueux	10 Boulevard Voltaire	92130
Nicolas Issy Les Moulineaux Mairie	65 Rue Du Général Leclerc	92130
Nicolas Italie	90 Avenue D'Italie	75013
Nicolas Italie	41 Rue D'Italie	13100
Nicolas Jarry Houelbourg	Immeuble Ibis Moudong Sud	97122
Nicolas Jasmin	80 Avenue Mozart	75016
Nicolas Jaures	133 Rue De Meaux	75019
Nicolas Jaures	260 Boulevard Jean Jaures	92100
Nicolas Jean Moulin	18 Avenue Jean Moulin	75014
Nicolas Jeanne D'Arc	5 Rue Jeanne D'Arc	75013
Nicolas Joinville Le Pont	26 Rue De Paris	94340
Nicolas Joinville Le Pont Polangis	32 Avenue Du Gal Gallieni	94340
Nicolas Jouffroy	79 Rue Jouffroy D'Abbans	75017
Nicolas Kew Londres	Station Parade, Kew Gardens	
Nicolas Kingersheim	157 Rue Richwiller	68260
Nicolas Kleber	66 Avenue Kleber	75016
Nicolas L'Éperon	21 Impasse Cassias Résidence Vert Océan	97435
Nicolas L'Hay Les Roses	6 Avenue Aristide Briand	94240
Nicolas L'Isle Adam	18 Grande Rue	95290
Nicolas La Baule	21 Avenue De Petrels	44500
Nicolas La Boétie	30 Rue La Boétie	75008
Nicolas La Butte Aux Cailles	26 Rue Du Moulin Des Près	75013
Nicolas La Celle Saint Cloud Beauregard vin champagne	4 Avenue De L'Aqueduc	78170
Nicolas La Garenne Colombes Centre	21 Rue Voltaire	92250
Nicolas La Garenne Colombes Vallées Sud vin champagne	1 Avenue J. Froment	92250
Nicolas La Madeleine	31 Place De La Madeleine	75008
Nicolas La Muette	3 Avenue Mozart	75016
Nicolas La Possession La Réunion	4 Rue Pablo Picasso	97419
Nicolas LA PRENEUSE ILE MAURICE	7 Route Côtière De La Rivière Noire	90608
Nicolas La Rochelle	77 Rue Des Merciers	17000
Nicolas La Valette Du Var Toulon Grand Var	Galerie Carrefour Grand Var	83160
Nicolas Lagny Sur Marne	1 Rue Des Marches	77400
Nicolas Lambersart	Angle Rue De Lille Et Avenue Becquart	59130
Nicolas Latour Maubourg	25 Boulevard De La Tour Maubourg	75007
Nicolas Le Cannet	7 Place Du Général Leclerc	06110
Nicolas Le Chesnay Parly 2	Centre Commercial Parly 2	78158
Nicolas Le Havre Coty	22 Rue Casimir Périer	76600
Nicolas Le Havre Les Halles	Rue Bernardin Saint Pierre	76600
Nicolas Le Kremlin-Bicêtre Okabe	63 Avenue De Fontainebleau	94270
Nicolas Le Lavandou	Rue Des Pierres Précieuses	83980
Nicolas Le Mans	12 Rue Du Docteur Leroy	72000
Nicolas Le Perreux Sur Marne	128 Avenue Du Général De Gaulle	94170
Nicolas Le Plessis Robinson	7 Grand Place	92350
Nicolas Le Plessis Trévise	42 Avenue Ardouin	94420
Nicolas Le Port	2bis, Boulevard De Brest	9740
Nicolas Le Pre Saint Gervais	72 Rue André Joineau	93310
Nicolas Le Raincy	22 Avenue De La Résistance	93340
Nicolas Le Raincy Montfermeil vin champagne spiritueux	8 Rond Point Montfermeil	93340
Nicolas Le Tampon	243 Rue Hubert Delisle	97430
Nicolas Le Vesinet	2 Place De L'Eglise	78110
Nicolas Le-Rond-Point Fort de France	Centre Commercial Le Rond Point	97200
Nicolas Lebon	6 Rue Lebon	75017
Nicolas Lecourbe	90 Rue Lecourbe	75015
Nicolas Ledru Rollin	95 Rue Du Faubourg Saint-Antoine	75012
Nicolas Lens	48 Boulevard Basly	62300
Nicolas Lepic	13 Rue Lepic	75018
Nicolas Les Clayes Sous Bois	22 Rue Maurice Jouet	78340
Nicolas Les Gobelins	33 Avenue Des Gobelins	75013
Nicolas Les Sables d'Olonne	85100 Les Sables D'Olonne	
Nicolas Les Ulis	Centre Commercial Les Ulis 2	91940
Nicolas Lesigny	Le Parc De Lesigny	77150
Nicolas Letort	4 Place De Charles Bernard	75018
Nicolas Levallois	95 Rue Louis Rouquier	92300
Nicolas Levallois Mairie	42/46 Rue Voltaire	92300
Nicolas Levallois Perret Front Seine	35 Rue De Greffulhe	92300
Nicolas Levis	32 Rue Levis	75017
Nicolas Liege Centre Ville	10a Rue Du Pot D'Or	4000
Nicolas Liège Guillemins	Rue Des Guillemins 71	4000
Nicolas Lille	5 Place Du Lion D'Or	59000
Nicolas Lille Gambetta	338 Rue Léon Gambetta	59000
Nicolas Limoges Les Halles	7 Place Fournier	87000
Nicolas Limoges Les Halles	7 Rue Des Halles	87000
Nicolas LISBONNE	Avenida Defensores De Chaves 24b, Saldanha	1000
Nicolas Livry Gargan	6 Boulevard Chanzy	93190
Nicolas Longjumeau	67 Rue Du Président François Mittérand	91160
Nicolas Lorette	2 Rue Pierre Fontaine	75009
Nicolas Lorient	1 Rue De La Patrie	56100
Nicolas Losserand	95 Rue Raymond Losserand	75014
Nicolas Louise Michel Caviste Levallois achat vin champagne	42 Rue Louise Michel	92300
Nicolas Lourmel	1 Rue De Lourmel	75015
Nicolas LOUVAIN LA NEUVE	1348 Louvain La Neuve	
Nicolas Lyon Caluire	38 Avenue Du Gal Leclerc	69300
Nicolas Lyon Croix Rousse	7 Place De La Croix Rousse	69004
Nicolas Lyon Dardilly	Avenue De La Porte	69570
Nicolas Lyon Freres Lumiere	94 Avenue Des Frères Lumière	69008
Nicolas Lyon Gambetta	40 Cours Gambetta	69007
Nicolas Lyon Jacobins	12 Rue Ancienne Préfecture	69002
Nicolas Lyon Montchat	89 Cours Du Docteur Long	69003
Nicolas Lyon Saxe	7 Avenue De Saxe	69006
Nicolas Lyon Terreaux	1 Rue Du Président Herriot	69001
Nicolas Lyon Vitton	17 Cours Vitton	69006
Nicolas Madagascar Ankorondrano	Zone Zital Ankorondrano	
Nicolas MADAGASCAR IVANDRY	Antananarivo	
Nicolas Madagascar Ivato	Route De L’Aéroport, Lalana Dok.joseph Raseta	
Nicolas Madagascar TANJOMBATO	Unnamed Road, Enceinte Galerie Smart	
Nicolas Madrid	203 Avenue Charles De Gaulle	92200
Nicolas Magenta	83 Boulevard Magenta	75010
Nicolas Mairie Vaugirard	264 Rue De Vaugirard	75015
Nicolas Maisons Alfort Charentonneau	55 Avenue Georges Clémenceau	94700
Nicolas Maisons Laffitte	11 Avenue De Longueil	78600
Nicolas Malakoff	53 Avenue P. Larousse	92240
Nicolas Malesherbes	35 Boulevard Malesherbes	75008
Nicolas Mantes La Jolie	26 Place Du Marché Au Blé	78200
Nicolas Marbella Elviria	Centro Comercial Contur, Carretera De Cádiz Km 192	29604
Nicolas Marbella Guadalmina	Centro Comercial Guadalmina	29670
Nicolas Marbeuf	31 Rue Marbeuf	75008
Nicolas Marcq En Baroeul	Centre Commercial	59700
Nicolas Marly Le Roi	Avenue De L'Amiral Lemonnier	78160
Nicolas MAROC AIN DIAB	62, Rue De La Mer Baltique	20180
Nicolas MAROC AV DE FRANCE	50, Avenue Mohamed Vi, Résidence Assala 1, N°32	40020
Nicolas MAROC BOURGOGNE	31 Rue Ahmed Charci, Bourgogne	20100
Nicolas MAROC BOUSKOURA	One Hill, Promenade Du Golf, Résidence Les Orchidées	27182
Nicolas MAROC ESSAOUIRA	Rue Charif El Idrissi, Lotissement 4, Quartier Des Dunes	44000
Nicolas MAROC HIVERNAGE	Résidence Bouroud, Avenue Mohamed Vi, Hivernage	40020
Nicolas MAROC LA VILLA	43, Rue Ifrane, Cil	20200
Nicolas MAROC MAARIF	2 Bis, Rue Abou Abdellah Nafïi Maarif	20330
Nicolas MAROC MARINA	6, Rue Al Farabi	90000
Nicolas MAROC MENARA	64, Rue Tarik Ben Ziad, N°64 Gueliz	40000
Nicolas MAROC MERS SULTAN	130 - 132, Avenue Mers Sultan	20120
Nicolas MAROC MOHAMMEDIA	Angle Rue Oued Zem Et Farhat Hachad	28800
Nicolas MAROC RACINE	11, Rue De 6 Octobre, Maarif	20050
Nicolas MAROC VICTOR HUGO	Angle Rue Du Bani Et Rue Du Sergent Levet	40000
Nicolas MAROC ZIRAOUI	11, Rue Mohamed Sediki, Ziraoui	20040
Nicolas Marseille Bonneveine vin champagne spiritueux	Avenue De Hambourg	13272
Nicolas Marseille Castellane vin champagne spiritueux	17 Place Castellane	13006
Nicolas Marseille Montaigne	54 Rue Montaigne	13012
Nicolas Marseille Paradis	41 Rue Du Paradis	13001
Nicolas Marseille Périer	405 Rue Paradis	13008
Nicolas Marseille Rome	159 Rue De Rome	13006
Nicolas Marseille Vieux Port vin champagne spiritueux	3 Quai Rive Neuve	13001
Nicolas MARTINIQUE LE ROBERT	Pôle Commercial La Gaschette	97231
Nicolas Martyrs	23 Rue Des Martyrs	75009
Nicolas Matoury Family Plaza	Centre Commercial Family Plaza	97351
Nicolas Maubert	5 Rue Monge	75005
Nicolas MAURICE JIN FEI	Plot 9&10, Business & Industrial Park, Off	11411
Nicolas Meaux	30 Rue Du Grand Cerf	77100
Nicolas Megeve Megève	91 Rue Monseigneur Conseil	74120
Nicolas Melun	11 Rue Saint Aspais	77000
Nicolas Menilmontant	22 Rue De Menilmontant	75020
Nicolas Mennecy	Zac De Montvrain Ii	91540
Nicolas Menton	23 Place Saint Roch	06500
Nicolas Metz	24 Rue De Ladoucette	57000
Nicolas Metz C Cial Muse	Centre Commercial Muse, À L'Extérieur	57000
Nicolas Meudon	38 Rue De La République	92190
Nicolas Michelis	12 Rue M. Michelis	92200
Nicolas Miromesnil	70 Rue Miromesnil	75008
Nicolas Moines	46 Rue Des Moines	75017
Nicolas Monaco Moulins	29 Boulevard Des Moulins	98000
Nicolas Monaco Princesse Caroline	9 Rue Princesse Caroline	98000
Nicolas Monge	75 Bis Rue Monge	75005
Nicolas Mont Saint Aignan	Zac De La Vatine	76130
Nicolas Montabo Cayenne	946 Route De Montabo	97300
Nicolas MONTGERON	86 Avenue De La République	91230
Nicolas Montmorency	16 Place Levanneur	95160
Nicolas Montorgueil	61 Rue Montorgueil	75002
Nicolas Montparnasse	120 Boulevard Montparnasse	75014
Nicolas Montpellier	17 Rue De La Loge	34000
Nicolas Montpellier Saunerie vin champagne spiritueux	3 Rue Du Faubourg De La Saunerie	34000
Nicolas Montreuil	60 Boulevard Rouget De Lisle	93100
Nicolas Montrouge	57 Avenue De La République	92120
Nicolas Mouffetard	112 Rue Mouffetard	75005
Nicolas Mougins	847 Avenue De Tournamy	06250
Nicolas Mozart	39 Avenue Mozart	75016
Nicolas Mulhouse	Zac La Cour Des Marechaux	68100
Nicolas Nancy	Centre Commercial Saint Sébastien N°42	54045
Nicolas Nancy Stanislas	29 Rue Des Dominicains	54000
Nicolas Nanterre	1 Rue Maurice Thorez	92000
Nicolas Nantes	1 Rue Cassini	44000
Nicolas Nantes Sautron	16 Rue De Bretagne	44880
Nicolas Nantes Talensac	14 Rue Talensac	44300
Nicolas Nation	22 Place De La Nation	75012
Nicolas Neuilly Plaisance	34 Bis Avenue Du Maréchal Foch	93360
Nicolas Neydens	500 Route Des Envignes	74160
Nicolas Nice	23 Avenue Jean Médecin	06000
Nicolas Nice Borriglione	40 Boulevard Borriglione	06100
Nicolas Nice Cessole	14 Boulevard De Cessole	06000
Nicolas Nice Gambetta	27 Boulevard Gambetta	06000
Nicolas Nice Maccarani	7 Rue Maccarani	06000
Nicolas Nice Malaussena	18 Avenue Malaussena	06000
Nicolas Nice St François	15 Place Saint François	06300
Nicolas NICOLAS BERCY	24 Cour Saint Emilion	75012
Nicolas Nicolas Exelmans	156 Avenue De Versailles	75016
Nicolas NICOLAS HOSSEGOR	642 Avenue Du Touring Club De France	40150
Nicolas NICOLAS LILLE RAMPONNEAU	4 Bis Square Du Ramponneau	59000
Nicolas NICOLAS SAINT CLOUD CRAFT BEERS	12 Bis Rue De Dailly	92210
Nicolas Nîmes	16 Rue De La Madeleine	30000
Nicolas Niort	1 Place Du Temple	79000
Nicolas Nogent S/Marne	142 Grande Rue Charles De Gaulle	94130
Nicolas Noisy Le Roi	Rue André Le Bourblanc	78590
Nicolas Oasis Casablanca	4, Rue Lagramta, Oasis	20100
Nicolas Oberkampf	30 Boulevard Voltaire	75011
Nicolas Olive	4 Bis Rue De L'Olive	75018
Nicolas Orleans	Centre Commercial Halles Chatelet	45000
Nicolas Orsay	6 Rue Boursier	91400
Nicolas Palaiseau	125 Bis Rue De Paris	91120
Nicolas Pantin Saint Gervais vin champagne spiritueux	47 Avenue J. Lolive	93500
Nicolas Parmentier	77 Rue Oberkampf	75011
Nicolas Passy	34 Rue De Passy	75016
Nicolas Pasteur	49 Boulevard Pasteur	75015
Nicolas Pau	9 Rue Serviez	64000
Nicolas Paul Doumer	65 Avenue Paul Doumer	75016
Nicolas Pelleport	129 Avenue Gambetta	75020
Nicolas Peretti	138 Avenue Achille Peretti	92200
Nicolas Perpignan	15, Place De La République	66000
Nicolas Petits Champs	22 Rue Des Petits Champs	75002
Nicolas Place Clichy	11 Boulevard Des Batignolles	75008
Nicolas Pleyel	233 Rue Du Faubourg Saint-Honoré	75008
Nicolas Point Du Jour	122 Boulevard Murat	75016
Nicolas Poissy	17 Avenue Du Cep	78300
Nicolas Poitiers	18 Rue De La Regratterie	86000
Nicolas Pompe	69 Rue De La Pompe	75016
Nicolas Pontault Combault	3 Avenue De La République	77340
Nicolas Pontoise	12 Place Du Pont	95300
Nicolas Porte De Versailles	244 Rue De La Croix Nivert	75015
Nicolas Porte Dorée	262 Avenue Daumesnil	75012
Nicolas PRIMROSE HILL	67 Regent'S Park Road	
Nicolas Puteaux	99 Rue Jean Jaures	92800
Nicolas Pyrenees	224 Rue Des Pyrénées	75020
Nicolas Quimper	7 Rue Amiral De La Grandière	29000
Nicolas Rabat	27 Rue Dayet Aoua Agdal	
Nicolas Rambouillet	13 Rue Du Gal De Gaulle	78120
Nicolas Rambuteau Beaubourg	30 Rue Rambuteau	75003
Nicolas Raspail	132 Boulevard Raspail	75006
Nicolas Reims	16 Rue De L'Etape	51100
Nicolas Remusat Paris	1-9 Rue De Rémusat	75016
Nicolas Rendez-Vous	15 Rue Du Rendez-Vous	75012
Nicolas Renne Saint Sulpice	86 Rue De Rennes	75006
Nicolas Rennes Nemours	18 Rue De Nemours	35000
Nicolas Rennes Paris	149 Rue De Rennes	75006
Nicolas Republique	1 Rue Du Château D'Eau	75010
Nicolas Rivoli	142 Rue De Rivoli	75001
Nicolas Robert	Pôle Commercial La Gaschette	97231
Nicolas Rochechouart	45 Rue Marguerite De Rochechouart	75009
Nicolas Rosny-Sous-Bois	2-4 Rue Du Général Gallieni	93110
Nicolas Rouen	18b Place Du Vieux Marché	76000
Nicolas Rouen Carrel	40 Rue Armand Carrel	76000
Nicolas Rue De Bagnolet	37 Rue De Bagnolet	75020
Nicolas Rue De Dunkerque	36 Bis Rue De Dunkerque	75010
Nicolas Rue Saint Antoine	19 Rue Saint Antoine	75004
Nicolas Rueil-Malmaison Centre	13 Rue Paul Vaillant Couturier	92500
Nicolas Sablons	90 Avenue Charles De Gaulle	92200
Nicolas Saint Brieuc	14 Rue Du Général Leclerc	22000
Nicolas Saint Charles	130 Rue Saint Charles	75015
Nicolas Saint Cyr L'Ecole	5 Avenue Jean Jaures	78210
Nicolas Saint Denis Fbg	39 Rue Du Faubourg Saint Denis	75010
Nicolas Saint Didier	6 Rue Des Belles Feuilles	75016
Nicolas Saint Dominique	141 Rue Saint-Dominique	75007
Nicolas Saint Germain En Laye	24 Rue Du Vieux Marché	78100
Nicolas Saint Gratien	12 Rue Berthie Albrecht	95210
Nicolas Saint Gregoire Rennes	Centre Commercial La Forge	35760
Nicolas Saint Honore Fbg	103 Rue Du Faubourg Saint-Honoré	75008
Nicolas Saint Honore Rue	189 Rue Saint-Honoré	75001
Nicolas Saint Jacques	198 Rue Saint-Jacques	75005
Nicolas Saint Leu La Foret	25 Rue Du Général Leclerc	95320
Nicolas Saint Louis En L'Ile	64 Rue Saint-Louis En L'Ile	75004
Nicolas Saint Mande Charles De Gaulle	85 Avenue Du Général De Gaulle	94160
Nicolas Saint Mande Tourelle vin champagne spiritueux	125 Avenue De Paris	94160
Nicolas Saint Martin De Re	15 Rue De Sully	17410
Nicolas Saint Martin Des Champs	Rond Point Du Puits	29600
Nicolas Saint Martin Fbg	217 Rue Du Faubourg Saint-Martin	75010
Nicolas Saint Maur Créteil	35 Rue Du Pont Créteil	94100
Nicolas Saint Maur Des Fosses Adamville vin champagne	7 Rue Baratte Cholet	94106
Nicolas Saint Maur Des Fosses La Varenne vin champagne	94 Avenue Du Bac	94210
Nicolas Saint Maur Des Fosses Parc	6 Avenue Charles De Gaulle	94100
Nicolas Saint Nazaire	80 Rue Jean Jaures	44600
Nicolas Saint Ouen	121 Avenue De Saint-Ouen	75017
Nicolas SAINT OUEN LES HALLES	13 Bis Cour Des Lavandières	93400
Nicolas Saint Paul	91 Rue Saint-Antoine	75004
Nicolas Saint Simon	63 Rue De Grenelle	75007
Nicolas Saint-Andre	1020 Avenue Des Mascareignes	97440
Nicolas Saint-Cloud République	67 Boulevard De La République	92210
Nicolas Saint-Denis	1 Bis Rue De La Victoire	97400
Nicolas Saint-Etienne	1 Place Waldeck Rousseau	42000
Nicolas Saint-Gilles	137 Rue Du Général De Gaulle	97434
Nicolas Saint-Joseph	44 Rue Raphael Babet	97480
Nicolas Saint-Leu	Rue Du Général Lambert	97436
Nicolas Saint-Pierre La Réunion	151 Rue Marius Et Ary Leblond	97410
Nicolas Saint-Tropez	37 Quai De Suffren	83990
Nicolas Sainte Maxime	89 Route Du Plan De La Tour	83120
Nicolas Saintes	62 Rue Alsace-Lorraine	17100
Nicolas Salon De Provence	60 Cours Victor Hugo	13300
Nicolas SANARY SUR MER	3 Rue Granet	83110
Nicolas Sannois	10 Boulevard Charles De Gaulle	95110
Nicolas Sceaux	198 Rue Houdan	92330
Nicolas Sceaux Houdan Marche vin champagne spiritueux	13 Rue Houdan	92330
Nicolas Secretan	20 Avenue Secretan	75019
Nicolas Senlis	15 Place De La Halle	60300
Nicolas Sens	99 Grande Rue	89100
Nicolas Sete	5 Rue Du Général De Gaulle	34200
Nicolas Sèvres	67 Boulevard Des Invalides	75007
Nicolas Sevres Banlieue	84 Grande Rue	92310
Nicolas Sextius	105 Av. Giuseppe Verdi	13100
Nicolas Seynod Annecy	76/84 Avenue D'Aix Les Bains	74600
Nicolas Soissons	6 Rue Des Minimes	02200
Nicolas Solferino	13 Rue De Solferino	75007
Nicolas Solferino	142 Rue Solférino	59000
Nicolas St Jean De Luz	23, Boulevard Victor Hugo	64500
Nicolas St Laurent Du Var Nice Cap 3000 vin champagne	Avenue E. Donadei	06700
Nicolas St Raphael	121 Boulevard Félix Martin	83700
Nicolas St-Johns-Wood Londres	75 Saint John’S Wood High Street	
Nicolas Strasbourg	18 Rue Des Orfèvres	67000
Nicolas Strasbourg Austerlitz vin champagne spiritueux	11 Rue D'Austerlitz	67000
Nicolas Strasbourg Grand'Rue vin champagne spiritueux	105 Grand' Rue	67000
Nicolas Strasbourg Robertsau vin champagne spiritueux	63 Rue Boecklin	67000
Nicolas Stratford-Road Londres	2 Stratford Road	
Nicolas Sucy En Brie	1 Rue Pierre Semard	94370
Nicolas Suffren	88 Avenue De Suffren	75015
Nicolas Suresnes	2 Place Gal Leclerc	92150
Nicolas Suresnes Val D'Or	37 Avenue Edouard Vaillant	92150
Nicolas Tarbes	12 Bis Avenue Du Maréchal Foch	65000
Nicolas Tassin La Demi Lune	34 Avenue De La République	69160
Nicolas Temple Faubourg	61 Rue Du Faubourg Du Temple	75010
Nicolas Ternes	108 Avenue Des Ternes	75017
Nicolas Thionville	4 Rue Maillet	57313
Nicolas Thoiry	Route De Bellegarde	01710
Nicolas Tocqueville	29 Rue Jouffroy	75017
Nicolas Tolbiac	197 Rue De Tolbiac	75013
Nicolas Tongres Bruxelles	52/54 Rue Des Tongres	1040
Nicolas Toulouse Labege	Centre Commercial Labège 2	31670
Nicolas Toulouse Les Carmes	5 Rue Des Filatiers	31000
Nicolas Toulouse Ramonville	14 Avenue Tolosane	31520
Nicolas Toulouse rue de la Pomme	66 Rue De La Pomme	31000
Nicolas Toulouse St Exupery	22 Avenue Saint Exupery	31400
Nicolas Tournefeuille	3 Boulevard Vincent Auriol	31170
Nicolas Tours	55 Place Du Grand Marché	37000
Nicolas Tours Rue Nationale	51 Rue Nationale	37000
Nicolas Trocadero	93 Avenue Kléber	75016
Nicolas Trouville Sur Mer	138 Avenue Du Gal De Gaulle	14360
Nicolas Troyes	54 Rue Georges Clemenceau	10000
Nicolas Turbigo	89 Rue De Turbigo	75003
Nicolas Turenne	28 Rue De Turenne	75003
Nicolas Vaires Sur Marne	11 Avenue Jean Jaures	77360
Nicolas Valence	29 Avenue Victor Hugo	26000
Nicolas Valenciennes	4 Place Du Commerce	59300
Nicolas Vannes	Place Du Poids Public	56000
Nicolas Vaucresson	91 Boulevard De La République	92420
Nicolas Vaugirard Necker	222 Rue De Vaugirard	75015
Nicolas Vavin	9 Rue Vavin	75006
Nicolas Velizy-Villacoublay Cc Du Mail	Centre Commercial Du Mail	78140
Nicolas Versailles	28 Avenue De Saint Cloud	78000
Nicolas Versailles Montreuil vin champagne spiritueux	6 Rue De Montreuil	78000
Nicolas Versailles Paroisse	50 Rue De Paroisse	78000
Nicolas Versailles Royale	4 Rue Royale	78000
Nicolas Vichy	1 Rue De Paris	03000
Nicolas Victor Hugo	95 Avenue Victor Hugo	75016
Nicolas Victor Hugo	54 Avenue Victor Hugo	92100
Nicolas Victor Hugo	6 Place Victor Hugo	31000
Nicolas Victor Hugo	9 Rue Victor Hugo	69002
Nicolas Ville D'Avray	7 Rue De Saint Cloud	92410
Nicolas Villebon Sur Yvette	Centre Commercial Villebon 2	91140
Nicolas Villemomble	39 Avenue Outrebon	93250
Nicolas Villeurbanne	7 Avenue Henri Barbusse	69100
Nicolas Villeurbanne 2	2 Cours Tolstoi	69100
Nicolas Vincennes	29 Avenue Du Château	94300
Nicolas Voltaire Place	2 Place Léon Blum	75011
Nicolas Vouille	11 Rue De Vouille	75015
Nicolas Wagram	8 Avenue Wagram	75008
Nicolas Washington	13 Rue Washington	75008
Nicolas Wattignies	227 Rue Du Charenton	75012
Nicolas Zaer Rabat	Centre Commercial Lamar Avenue Mohamed 6 Km4 Souissi	10170
Nicolas Zola	143 Avenue Emile Zola	75015