Cavavin Aillant sur tholon	37 GRANDE RUE SAINT ANTOINE	89110
Cavavin Angers - Lac du Maine	2 Square de la Penthière	49000
Cavavin Angers - Visitation	3bis,RUE D'ANJOU	49100
Cavavin Arcachon	36 Cours Lamarque de la Plaisance	33120
Cavavin Arnage	182 BOULEVARD PIERRE LEFAUCHEUX	72230
Cavavin Arras - Beffroi	14 rue Eugène-François Vidocq	62000
Cavavin Arras- Courbet	20 place Courbet	62000
Cavavin Aubagne	50,avenue Roger Salengro Centre commercial Cheminée Isnard	13400
Cavavin Aubière	34 Avenue de Cournon	63170
Cavavin Auriol	18 avenue du 19 mars 1962	13390
Cavavin Bain de bretagne	2,place Saint Martin	35470
Cavavin Baldock - Royaume-Uni	19 Whitehorse Street	SG76QB
Cavavin Bayonne	13 rue Poissonerie	64100
Cavavin Beauvais	9 rue Louvet	60000
Cavavin Belle-Île-en-Mer	6 RUE BRAMEL	56360
Cavavin Belval - Luxembourg	11 BOULEVARD DU JAZZ	4370
Cavavin Brazzaville	Av. Amilcar Cabral,Brazzaville,Congo-Brazzaville	
Cavavin Brixton	08 ARLINGTON PARADE	SW21RH
Cavavin Bruxelles Schuman	145 Rue Belliard	1040
Cavavin Bruz	15 avenue Joseph Jean	35170
Cavavin Bry sur Marne	32 Grande Rue Charles de Gaulle	94360
Cavavin Buckingham	12 Cornwall Place	MK181SB
Cavavin Carouge	42 Rue de la Fontenette	1227
Cavavin Carquefou	7,rue des Halles	44470
Cavavin Chantilly	3,place Omer Vallon	60500
Cavavin Châteaubriant	21 rue Pasteur	44110
Cavavin Cherbourg	3 rue Grande Rue	50100
Cavavin Chevigny Saint Sauveur	33,avenue de la république	21800
Cavavin Chichester - Royaume-Uni	68 North St	PO191NB
Cavavin Colmar	41 rue Vauban	68000
Cavavin Coulommiers	1 rue Bertrand Flornoy	77120
Cavavin Coutras	5 rue Valmy	33230
Cavavin Craponne	73 Avenue de l'an 2000	69290
Cavavin Dammartin-en-Goële	1 rue Saint Jean	77230
Cavavin Dax	18 rue de la halle	40100
Cavavin Dinard	34 rue Levavasseur	35800
Cavavin Draveil	4 Place de la Republique	91210
Cavavin Ede - Pays-Bas	Oude Kerkplein 5	6711AZ
Cavavin Flers	1104 route de Domfront	61100
Cavavin Fontenay Le Comte	23 rue Kleber	85200
Cavavin Frameries - Belgique	118A Rue des alliés	7080
Cavavin Furiani	193 Route Nationale	20600
Cavavin Galway - Irlande	2 Cross Street Upper	H91K38F
Cavavin GENESTON	15 place Georges Gaudet	44140
Cavavin Gosselies	Avenue Chêne Saint-Jean 7	6040
Cavavin Gramat	11 place de la République	46500
Cavavin Grenoble	10 Place de Metz	38000
Cavavin Guebwiller	19 rue de la république	68500
Cavavin Guer	18 bis,RUE SAINT GURVAL	56380
Cavavin Guérande	1 bis faubourg Saint Anne	44350
Cavavin Herbignac	LE RODHOIR	44410
Cavavin Hertford	22 Maidenhead Street	SG141DR
Cavavin Houilles	1 avenue Schoelcher	78800
Cavavin Hyères	33 avenue edith cawell	83400
Cavavin Kinshasa	503 Bd Du 30 Juin	
Cavavin L'Art du Vin AV Oasis - Casablanca	Place de la division Leclerc	
Cavavin L'Art du Vin Driss Slaoui	villa 26 av driss slaoui	
Cavavin L'Art du Vin Rond Point des Sports	Rond point des sports	
Cavavin L'Art du vin Rte d’El Jadida	409 rte d’el jadida	
Cavavin La Baule	18 Avenue du Marché	44500
Cavavin La Roche sur Yon	13 rue du Président de Gaulle	85000
Cavavin La Rochelle	15 rue Thiers	17000
Cavavin La Valette du Var	Avenue du Maréchal Juin	83160
Cavavin Laval	13 Pl. du 11 Novembre	53000
Cavavin Le Croisic	23,PLACE DINAN	44490
Cavavin Le Lavandou	158 avenue des commandos d'afrique	83980
Cavavin Le Mans Les Maillets	180 RUE DES MAILLETS	72100
Cavavin Le Mesnil-Esnard	7 Pl. du Général de Gaulle	76240
Cavavin Les Sables d'Olonne	16 rue Bisson	85100
Cavavin Levallois Perret	57 rue Louise Michel	92300
Cavavin Lille Saint-Maurice Pellevoisin	157 Rue du Faubourg de Roubaix	59800
Cavavin Limours	9 rue de Rambouillet	91470
Cavavin Lyon - Croix Rousse	1 rue du Mail	69004
Cavavin Lyon - Saint Georges	6,QUAI FULCHIRON	69005
Cavavin Lyon 6	35 cours Vitton	69006
Cavavin Lyon 7	53 avenue Jean Jaurès	69007
Cavavin Lyon Monplaisir	69 Avenue des Frères Lumière	69008
Cavavin Malemort	45 Av. de l'Industrie	19360
Cavavin Marseille Opéra	1 RUE SAINT SAENS	13001
Cavavin Metz	14 rue Saint-Livier	57000
Cavavin Meyzieu	11 rue Antoine Vacher	69330
Cavavin Mordelles	ZAC COEUR PLAISANCE PLACE DES MULETIERS	35310
Cavavin Muzillac	Zone Commerciale Espace Littoral	56190
Cavavin Nancy	53 rue du Faubourg des Trois-Maisons	54000
Cavavin Nantes - Île de Nantes	75 boulevard de la Prairie au Duc	44200
Cavavin Nantes - Talensac	10,RUE DE TALENSAC	44000
Cavavin Nantes Saint-Joseph	14 rue Barbara	44300
Cavavin Nanteuil-lès-Meaux	75 avenue de la Foulée	77100
Cavavin Neuilly Plaisance	22 rue Général de Gaulle	93360
Cavavin Newcastle	Arch 9 Westgate Rd	NE11SE
Cavavin Nice Est	36 avenue des diables bleus	06300
Cavavin Niort	9,RUE BRISSON	79000
Cavavin Noisy Le Sec	79 rue Jean Jaurès	93130
Cavavin Orléans Bannier	20 Rue du Faubourg Bannier	45000
Cavavin Oullins	154 Grande rue	69600
Cavavin Palaiseau	153 rue de Paris	91120
Cavavin Paris 11 Charonne	169,Boulevard Voltaire	75011
Cavavin PARIS 14	59 rue Raymond Losserand	75014
Cavavin Paris 17 Lebon	15 rue Lebon	75017
Cavavin Paris 17 Poncelet	21 rue Poncelet	75017
Cavavin Paris 18	12,RUE DU POTEAU	75018
Cavavin Paris 20	150 - 152 rue de belleville	75020
Cavavin Paris 5 Monge	23 rue Lacépède	75005
Cavavin Paris 9	2 rue de Chateaudun	75009
Cavavin Paris Les Halles	18 rue du Roule	75001
Cavavin Perpignan	6 bis rue François-Marie Voltaire	66000
Cavavin Pertuis	33 RUE SAINT MARTIN ZAC SAINT MARTIN,Route d'Aix	84120
Cavavin Pithiviers	Place du Martroi	45300
Cavavin Ploemeur	15,RUE DE SAINT BIEUZY	56270
Cavavin PLUNERET	14 Rue André Ampère	56400
Cavavin Poitiers	14 rue du Petit Bonneveau	86000
Cavavin Pontivy	ESPACE KENNEDY 61&63,RUE ALBERT DE MUN	56300
Cavavin Pornichet	156 avenue du Général de Gaulle	44380
Cavavin Porticcio	PLAGE DE LA VIVA	20166
Cavavin Questembert	23 rue Bernard Palissy	56230
Cavavin Quiberon	26,RUE PORT MARIA	56170
Cavavin Rambouillet	89,rue du Général De Gaulle	78120
Cavavin Redon	12 RUE MARCEL QUERCIA ZA DE COTARD	35600
Cavavin Rémiré-Montjoly	Local N°40 Centre Commercial Montjoly route de Suzini	97354
Cavavin Rennes	32,RUE SAINT HELIER	35000
Cavavin Riom	28 rue de l'hotel de ville	63200
Cavavin Rochefort	17,RUE COCHON DUVIVIER	17300
Cavavin Rognac	7,avenue Charles De Gaulle	13340
Cavavin Rustington - Royaume-Uni	146 The Street	BN163DB
Cavavin Saint Brévin Les Pins	10,Place Henri Basle	44250
Cavavin Saint Herblain	1 RUE DU NIL CENTRE COMMERCIAL DES THEBAUDIERES	44800
Cavavin Saint Malo	62 rue ville pépin	35400
Cavavin Saint Martin d'Heres	7 rue Charles Darwin	38400
Cavavin Saint Maur des Fossés	12 Avenue Foch	94100
Cavavin Saint Pierre de la Réunion	109 bis,rue Archambaud Local 5	97410
Cavavin Saint Raphaël	16 Boulevard Darby Centre Commercial Esterel des Golfs	83700
Cavavin Saint-Gilles-Croix-de-Vie	2 rue du Bac	85800
Cavavin Saint-Jean-de-Luz	9 avenue de Verdun	64500
Cavavin Sainte-Suzanne	14 rue de Raymond Vergès	97441
Cavavin Sarlat	46 Avenue Gambetta	24200
Cavavin Serris	25 rue Magellan	77700
Cavavin Seysses	7 rue Général de Gaulle	31600
Cavavin Sheffield - Royaume-Uni	340,Brightside Lane	S92SP
Cavavin The Wine Shop and Bar Limerick	3 Bedford Row,Prior's-Land	V94X8P2
Cavavin Thorigny sur Marne	13 rue du maréchal Foch	77400
Cavavin Toulon	5 RUE HENRI SEILLON	83000
Cavavin Toulouse Côte Pavée	83 AVENUE JEAN RIEUX	31500
Cavavin Toulouse Les Minimes	37,Avenue des Minimes	31200
Cavavin Tourcoing	4/6 rue de Lille	59200
Cavavin Vannes	32,rue Hoche	56000
Cavavin Vendôme	29 Faubourg Chartrain	41100
Cavavin Vern sur Seiche	13 rue de Chateaubriant	35770
Cavavin Vernon	2 rue Sainte Geneviève	27200
Cavavin Versailles	86 rue de la Paroisse	78000
Cavavin Villefranche-sur-Saône	507 rue Nationale	69400
Cavavin Villeurbanne	28 cours Tolstoï	69100
Cavavin Vincennes	1 Avenue de la République	94300
Cavavin Vitry-en-Artois	2bis Rue de la Mairie	62490
Cavavin Voiron	25,RUE ROSE SAGE	38500
Cavavin Voisins-le-Bretonneux	3 place Michel Serres	78960