Comptoir des Vignes Amplepuis	Chem. de la Gaieté	69550
Comptoir des Vignes Argelès-Gazost	39 Av. Robert Coll	65400
Comptoir des Vignes Argentat	10 Av. de la Gare	19400
Comptoir des Vignes Aurillac	6 Rue Jean Moulin	15000
Comptoir des Vignes Auxerre	zone commerciale des clairions, 9 Rue Louise Weiss	89000
Comptoir des Vignes Bergerac	Rte de Bordeaux	24100
Comptoir des Vignes Besançon	Rue André Breton	25000
Comptoir des Vignes Biarritz	31 All. du Moura	64200
Comptoir des Vignes Castelnaudary	138 Av. Frédéric Passy	11400
Comptoir des Vignes Champagnole	22 bis Rue Baronne Delort	39300
Comptoir des Vignes Chaponnay	All. de Bourdonné	69970
Comptoir des Vignes Châteaurenard	820 Bd Ernest Genevet	13160
Comptoir des Vignes Chevigny Saint Sauveur	zac des terres rousses, 2 Rue Nicolas de Condorcet	21800
Comptoir des Vignes Cholet	5 Rue du Layon	49300
Comptoir des Vignes Clermont-Ferrand	41 Rue Bonnabaud	63000
Comptoir des Vignes Cormontreuil	PAC Les Blancs Monts, Av. des Goisses	51350
Comptoir des Vignes Créon	45 Av. de l'Entre Deux Mers	33670
Comptoir des Vignes Dole	1 Bd des Frères Lumière	39100
Comptoir des Vignes Dolus-d'Oléron	41 Route de St Pierre	17550
Comptoir des Vignes Dompierre-sur-Mer	za la corne neuve, 16 Rue Ampère	17139
Comptoir des Vignes Giromagny	45 bis Grande Rue	90200
Comptoir des Vignes Givet	Le forum de Givet, Rte de Beauraing Bâtiment 4 Cellule 114	08600
Comptoir des Vignes Hauconcourt	2 rte de maizières-les metz	57280
Comptoir des Vignes La Clayette	All. de Bourgogne	71800
Comptoir des Vignes Le Vigen	12a Rue de la Tour	87110
Comptoir des Vignes Lempdes	15 Rue Ernest Jean Bapt	63370
Comptoir des Vignes Limoges	32 rue françois arago, Bd de la Borie	87100
Comptoir des Vignes Lons-le-Saunier	14 Rue du Commerce	39000
Comptoir des Vignes Lure	1bis Rue Jean Jaurès	70200
Comptoir des Vignes Machecoul	2 Pl. du Champ de Foire	44270
Comptoir des Vignes Mellac	pôle d'activité kervidanou 2, 23 Rue Marguerite Yourcenar	29300
Comptoir des Vignes Mende	22 bis Av. des Gorges du Tarn	48000
Comptoir des Vignes Menton	17 Av. Félix Faure	06500
Comptoir des Vignes Milly-la-Forêt	za du chenet, 27 R. de Chenet	91490
Comptoir des Vignes Montauban	205 Av. de Nègrepelisse	82000
Comptoir des Vignes Montmorot	21 Avenue Maillot	39570
Comptoir des Vignes Paimpol	23 Av. Châteaubriand	22500
Comptoir des Vignes Paris	centre commercial "les ateliers gaîté, 80 Av. du Maine	75014
Comptoir des Vignes Quincey	11 Rue Jean Poirey	70000
Comptoir des Vignes Renaison	2 Rue de Taron	42370
Comptoir des Vignes Rixheim	18 Rue de Habsheim	68170
Comptoir des Vignes Rochechouart	6 Rue Maurice Thorez	87600
Comptoir des Vignes Royan	37 Cr de l'Europe	17200
Comptoir des Vignes Saint-Brandan	La ville Neuve	22800
Comptoir des Vignes Saint-Clément	za fontaine d'azon, 1 Rue Sainte-Colombe 2	89100
Comptoir des Vignes Saint-Éloy-les-Mines	2 Rue Eugène Pannetier	63700
Comptoir des Vignes Saint-Junien	zc des martines, 5 Av. Nelson Mandela	87200
Comptoir des Vignes Saint-Sauveur	ZA du Bouquet	70300
Comptoir des Vignes Sainte-Savine	40 Av. du Général Gallieni	10300
Comptoir des Vignes Salins-les-Bains	2 Pl. Aubarède	39110
Comptoir des Vignes Sedan	41 Av. Pasteur	08200
Comptoir des Vignes Souillac	65 Av. de Sarlat	46200
Comptoir des Vignes Terville	Petite Ouette, Batiment H	57180
Comptoir des Vignes Thizy-les-Bourgs	23 Rue Gambetta	69240
Comptoir des Vignes Toulouse	1 Rue Pharaon	31000
Comptoir des Vignes Valdahon	57 Grande Rue	25800
Comptoir des Vignes Verniolle	zc delta sud, 265 Rue Clément Ader	09340
Comptoir des Vignes Vienne	Zone Artisanale de la Gère Malissol	38200
Comptoir des Vignes Volgelsheim	12 rue du pourquoi pas	68600