Intercaves Bergerac	96 Rue Clairat	24100
Intercaves Besancon	81 Rue De Belfort	25000
Intercaves Bitschwiller	53 Rue Du Rhin Zone Commerciale Super U	68620
Intercaves Bois Guillaume	3250 Route De Neufchâtel	76230
Intercaves Boissy Saint Leger	13 Rue De Valenton	94470
Intercaves Carnoux	57 Avenue De Cassis	13470
Intercaves Carvin	50 Chemin Du Moulin	62220
Intercaves Castres	173 Avenue Du Sidobre	81100
Intercaves Charmeil	12 Route De Saint Pourcain	03110
Intercaves Clairoix	248 Rue De La République	60280
Intercaves Combs	4 Rue Jean Baptiste Berlier	79000
Intercaves Couilly	73 Avenue De L'Ensoleillée	77860
Intercaves Dechy	23 Avenue René Panhard	94320
Intercaves Fontainebleau	4 Rue Henri Dunant	77300
Intercaves Fort De France	81 Rue De Belfort	25000
Intercaves Gargenville	3 Avenue Du Colonel Fabien	78440
Intercaves Golbey	61 Rue Boulay	88190
Intercaves Gournay	33 Avenue Des Princes	93460
Intercaves Issoire	248 Rue De La République	60280
Intercaves Joue Les Tours	5 Bis Place Du Général Leclerc	37300
Intercaves Lyon	28 Rue Nicolaï	69007
Intercaves Marly Valenciennes	303 Avenue Henri Barbusse	59770
Intercaves Meung Sur Loire	551 Route D'Orléans	45130
Intercaves Millau	24 Boulevard De La Capelle	12100
Intercaves Miribel	874 Route De Strasbourg	01700
Intercaves Montbeliard	21 Avenue D'Helvétie	25200
Intercaves Montlouis	9003 Avenue Victor Laloux	37270
Intercaves Niort	4 Rue Jean Baptiste Berlier	79000
Intercaves Ollioules	762 Avenue Jean Monnet	83190
Intercaves Orchies	7 Zone D'Activité De L'Europe	59310
Intercaves Orsay	5 Rue Du Docteur Ernest Lauriat	91400
Intercaves Ozoir La Ferriere	6 Rue De La Verrerie	77330
Intercaves Page De Remerciement	248 Rue De La République	60280
Intercaves Pornic	4 Rue Du Traité De Paris	44210
Intercaves Saint Cyr Lecole	77 Rue Du Docteur Vaillant	78210
Intercaves Saint Donat Sur Herbasse	37 Avenue Du Commandant Corlu	26260
Intercaves Saint Germain Les Corbeil	167 Rue Du Commerce	76190
Intercaves Sainte Marie Des Champs	167 Rue Du Commerce	76190
Intercaves Sallanches	21 Rue Du Colonney	74400
Intercaves Salon De Provence	14 Impasse Du Coussoul	13300
Intercaves Saran	327 Route Nationale 20	45770
Intercaves Sollies	8 Avenue Du Lion	83210
Intercaves Thiais	23 Avenue René Panhard	94320
Intercaves Trois Ilets	9003 Avenue Victor Laloux	37270
Intercaves Vigneux	80 Avenue Henri Barbusse	91270
Intercaves Ville	80 Avenue Henri Barbusse	91270
Intercaves Villerest	162 Route De Villemontais	42300