Julien de Savignac Vignoble et Chai	Vignoble et chai Julien de Savignac	24240
Julien de Savignac Sarlat	Place Pasteur	24200
Julien de Savignac Périgueux	27 rue Taillefer	24000
Julien de Savignac Brantôme	6 rue Victor Hugo	24310
Julien de Savignac Angoulême	121-125 Rue de Saintes	16000
Julien de Savignac Paris 4e	73 rue Saint Antoine	75004
Julien de Savignac Paris 15e	105 rue Cambronne	75015
Julien de Savignac Levallois	28 bis rue Gabriel-Péri	92300
Julien de Savignac Suresnes	32 av Edouard Vaillant	92150
Julien de Savignac Vincennes	6 rue du Midi	94300
Julien de Savignac Saint-Germain-en-Laye	13 rue de Poissy	78100
